epoch,time,train/box_loss,train/cls_loss,train/dfl_loss,metrics/precision(B),metrics/recall(B),metrics/mAP50(B),metrics/mAP50-95(B),val/box_loss,val/cls_loss,val/dfl_loss,lr/pg0,lr/pg1,lr/pg2
1,515.798,1.31076,1.03046,1.00848,0.52844,0.27412,0.27787,0.15095,1.29329,0.82667,0.98908,0.000195866,0.000195866,0.000195866
2,1022.44,1.28593,0.83765,1.00016,0.62575,0.26854,0.29393,0.161,1.27321,0.7971,0.98767,0.000294879,0.000294879,0.000294879
3,1528.59,1.22987,0.76945,0.97849,0.65602,0.30778,0.3396,0.19186,1.20992,0.71899,0.95761,0.000151375,0.000151375,0.000151375
