epoch,time,train/box_loss,train/cls_loss,train/dfl_loss,metrics/precision(B),metrics/recall(B),metrics/mAP50(B),metrics/mAP50-95(B),val/box_loss,val/cls_loss,val/dfl_loss,lr/pg0,lr/pg1,lr/pg2
1,1896.77,1.25114,0.78001,0.96817,0.63821,0.2933,0.31943,0.17809,1.23606,0.74197,0.94402,0.00333029,0.00333029,0.00333029
2,3580.56,1.25464,0.78381,0.96681,0.63714,0.29095,0.31046,0.173,1.25265,0.75864,0.94836,0.00659765,0.00659765,0.00659765
3,5463.89,1.27683,0.80881,0.9728,0.60104,0.28517,0.29627,0.16231,1.27814,0.78999,0.96109,0.00979901,0.00979901,0.00979901
